,ASIN
0,1467741876
1,1467792446
2,1467780103
3,1512417912
4,1467775738
5,1467737399
6,146772517X
7,1467710342
8,146771612X
9,1467706590
10,0822587475
11,0805052364
12,080505233X
13,0805052321
14,0805052267
15,0805051856
16,0805048138
17,0805046909
18,0805046259
19,0805046232
20,0805044752
21,0805044736
22,0805044728
23,0805043705
24,0805043691
25,0805042407
26,0805042393
27,080504180X
28,0805041680
29,0805041648
30,0805041427
31,0805041036
32,0805041028
33,080504101X
34,0805040897
35,0805040889
36,0805040862
37,0805040854
38,0805040846
39,0805040838
40,0805038795
41,0805038787
42,0805038779
43,0805037225
44,0805035192
45,0805035184
46,0805035176
47,0805034390
48,0805034382
49,0805034374
50,0805034366
51,0805034358
52,080503434X
53,0805034331
54,0805034323
55,0805034242
56,0805034056
57,0805034048
58,080503403X
59,0805034021
60,0805034013
61,0805031839
62,0805031820
63,0805030980
64,0805030972
65,0805030964
66,0805030948
67,080503093X
68,0805030573
69,0805029990
70,0805029982
71,0805029974
72,0805029958
73,0805029931
74,0805029923
75,0805029907
76,0805029893
77,0805028528
78,080502851X
79,0805028498
80,080502848X
81,0805028463
82,0805028447
83,0805028412
84,0805028366
85,0805028315
86,0805028307
87,0805028285
88,0805028277
89,0805028269
90,080502588X
91,0805025871
92,0805025863
93,0805025855
94,080502574X
95,0805025731
96,0805025707
97,0805025693
